<?xml version="1.0" encoding="UTF-8"?>
<GenRun Id="synth_1" LaunchPart="xc7s50csga324-1" LaunchTime="1700279112" LaunchIncrCheckpoint="$PSRCDIR/utils_1/imports/synth_1/mb_intro_top.dcp">
  <File Type="PA-TCL" Name="mb_usb_hdmi_top.tcl"/>
  <File Type="RDS-PROPCONSTRS" Name="mb_usb_hdmi_top_drc_synth.rpt"/>
  <File Type="REPORTS-TCL" Name="mb_usb_hdmi_top_reports.tcl"/>
  <File Type="RDS-RDS" Name="mb_usb_hdmi_top.vds"/>
  <File Type="RDS-UTIL" Name="mb_usb_hdmi_top_utilization_synth.rpt"/>
  <File Type="RDS-UTIL-PB" Name="mb_usb_hdmi_top_utilization_synth.pb"/>
  <File Type="RDS-DCP" Name="mb_usb_hdmi_top.dcp"/>
  <File Type="VDS-TIMINGSUMMARY" Name="mb_usb_hdmi_top_timing_summary_synth.rpt"/>
  <File Type="VDS-TIMING-PB" Name="mb_usb_hdmi_top_timing_summary_synth.pb"/>
  <FileSet Name="sources" Type="DesignSrcs" RelSrcDir="$PSRCDIR/sources_1" RelGenDir="$PGENDIR/sources_1">
    <Filter Type="Srcs"/>
    <File Path="$PSRCDIR/sources_1/bd/mb_block/mb_block.bd">
      <FileInfo>
        <Attr Name="UsedIn" Val="synthesis"/>
        <Attr Name="UsedIn" Val="implementation"/>
        <Attr Name="UsedIn" Val="simulation"/>
      </FileInfo>
    </File>
    <File Path="$PSRCDIR/sources_1/imports/design_source/Color_Mapper.sv">
      <FileInfo>
        <Attr Name="ImportPath" Val="//ad.uillinois.edu/engr-ews/emli3/Downloads/lab6_2_provided/lab6.2_provided/design_source/Color_Mapper.sv"/>
        <Attr Name="ImportTime" Val="1697641251"/>
        <Attr Name="UsedIn" Val="synthesis"/>
        <Attr Name="UsedIn" Val="implementation"/>
        <Attr Name="UsedIn" Val="simulation"/>
      </FileInfo>
    </File>
    <File Path="$PSRCDIR/sources_1/imports/design_source/VGA_controller.sv">
      <FileInfo>
        <Attr Name="ImportPath" Val="//ad.uillinois.edu/engr-ews/emli3/Downloads/lab6_2_provided/lab6.2_provided/design_source/VGA_controller.sv"/>
        <Attr Name="ImportTime" Val="1697641252"/>
        <Attr Name="UsedIn" Val="synthesis"/>
        <Attr Name="UsedIn" Val="implementation"/>
        <Attr Name="UsedIn" Val="simulation"/>
      </FileInfo>
    </File>
    <File Path="$PSRCDIR/sources_1/imports/design_source/hex.sv">
      <FileInfo>
        <Attr Name="ImportPath" Val="//ad.uillinois.edu/engr-ews/emli3/Downloads/lab6_2_provided/lab6.2_provided/design_source/hex.sv"/>
        <Attr Name="ImportTime" Val="1697641251"/>
        <Attr Name="UsedIn" Val="synthesis"/>
        <Attr Name="UsedIn" Val="implementation"/>
        <Attr Name="UsedIn" Val="simulation"/>
      </FileInfo>
    </File>
    <File Path="$PSRCDIR/sources_1/new/spaceship.sv">
      <FileInfo>
        <Attr Name="UsedIn" Val="synthesis"/>
        <Attr Name="UsedIn" Val="implementation"/>
        <Attr Name="UsedIn" Val="simulation"/>
      </FileInfo>
    </File>
    <File Path="$PSRCDIR/sources_1/imports/design_source/mb_usb_hdmi_top.sv">
      <FileInfo>
        <Attr Name="ImportPath" Val="//ad.uillinois.edu/engr-ews/emli3/Downloads/lab6_2_provided/lab6.2_provided/design_source/mb_usb_hdmi_top.sv"/>
        <Attr Name="ImportTime" Val="1697641251"/>
        <Attr Name="UsedIn" Val="synthesis"/>
        <Attr Name="UsedIn" Val="implementation"/>
        <Attr Name="UsedIn" Val="simulation"/>
      </FileInfo>
    </File>
    <File Path="$PSRCDIR/sources_1/imports/design_source/ball.sv">
      <FileInfo>
        <Attr Name="AutoDisabled" Val="1"/>
        <Attr Name="ImportPath" Val="//ad.uillinois.edu/engr-ews/emli3/Downloads/lab6_2_provided/lab6.2_provided/design_source/ball.sv"/>
        <Attr Name="ImportTime" Val="1697641251"/>
        <Attr Name="UsedIn" Val="synthesis"/>
        <Attr Name="UsedIn" Val="implementation"/>
        <Attr Name="UsedIn" Val="simulation"/>
      </FileInfo>
    </File>
    <File Path="$PSRCDIR/sources_1/imports/lab6_1/mb_intro_top.sv">
      <FileInfo>
        <Attr Name="AutoDisabled" Val="1"/>
        <Attr Name="ImportPath" Val="//ad.uillinois.edu/engr-ews/emli3/Downloads/lab6_1/mb_intro_top.sv"/>
        <Attr Name="ImportTime" Val="1697116321"/>
        <Attr Name="UsedIn" Val="synthesis"/>
        <Attr Name="UsedIn" Val="implementation"/>
        <Attr Name="UsedIn" Val="simulation"/>
      </FileInfo>
    </File>
    <File Path="$PGENDIR/sources_1/bd/mb_block/hdl/mb_block_wrapper.v">
      <FileInfo>
        <Attr Name="AutoDisabled" Val="1"/>
        <Attr Name="UsedIn" Val="synthesis"/>
        <Attr Name="UsedIn" Val="implementation"/>
        <Attr Name="UsedIn" Val="simulation"/>
      </FileInfo>
    </File>
    <Config>
      <Option Name="DesignMode" Val="RTL"/>
      <Option Name="TopModule" Val="mb_usb_hdmi_top"/>
    </Config>
  </FileSet>
  <FileSet Name="constrs_in" Type="Constrs" RelSrcDir="$PSRCDIR/constrs_1">
    <Filter Type="Constrs"/>
    <File Path="$PSRCDIR/constrs_1/imports/pin_assignment/mb_usb_hdmi_top.xdc">
      <FileInfo>
        <Attr Name="ImportPath" Val="//ad.uillinois.edu/engr-ews/emli3/Downloads/lab6_2_provided/lab6.2_provided/pin_assignment/mb_usb_hdmi_top.xdc"/>
        <Attr Name="ImportTime" Val="1697641252"/>
        <Attr Name="UsedIn" Val="synthesis"/>
        <Attr Name="UsedIn" Val="implementation"/>
      </FileInfo>
    </File>
    <Config>
      <Option Name="ConstrsType" Val="XDC"/>
    </Config>
  </FileSet>
  <FileSet Name="utils" Type="Utils" RelSrcDir="$PSRCDIR/utils_1">
    <Filter Type="Utils"/>
    <File Path="$PSRCDIR/utils_1/imports/synth_1/mb_intro_top.dcp">
      <FileInfo>
        <Attr Name="UsedIn" Val="synthesis"/>
        <Attr Name="UsedIn" Val="implementation"/>
        <Attr Name="UsedInSteps" Val="synth_1"/>
        <Attr Name="AutoDcp" Val="1"/>
      </FileInfo>
    </File>
    <Config>
      <Option Name="TopAutoSet" Val="TRUE"/>
    </Config>
  </FileSet>
  <Strategy Version="1" Minor="2">
    <StratHandle Name="Vivado Synthesis Defaults" Flow="Vivado Synthesis 2022"/>
    <Step Id="synth_design"/>
  </Strategy>
  <BlockFileSet Type="BlockSrcs" Name="clk_wiz_0"/>
  <BlockFileSet Type="BlockSrcs" Name="mb_block_axi_gpio_2_0"/>
  <BlockFileSet Type="BlockSrcs" Name="mb_block_microblaze_0_0"/>
  <BlockFileSet Type="BlockSrcs" Name="mb_block_dlmb_v10_0"/>
  <BlockFileSet Type="BlockSrcs" Name="mb_block_xbar_0"/>
  <BlockFileSet Type="BlockSrcs" Name="mb_block_axi_gpio_1_0"/>
  <BlockFileSet Type="BlockSrcs" Name="mb_block_dlmb_bram_if_cntlr_0"/>
  <BlockFileSet Type="BlockSrcs" Name="mb_block_ilmb_v10_0"/>
  <BlockFileSet Type="BlockSrcs" Name="mb_block_axi_uartlite_0_0"/>
  <BlockFileSet Type="BlockSrcs" Name="mb_block_rst_clk_wiz_1_100M_0"/>
  <BlockFileSet Type="BlockSrcs" Name="mb_block_lmb_bram_0"/>
  <BlockFileSet Type="BlockSrcs" Name="mb_block_mdm_1_0"/>
  <BlockFileSet Type="BlockSrcs" Name="mb_block_ilmb_bram_if_cntlr_0"/>
  <BlockFileSet Type="BlockSrcs" Name="mb_block_microblaze_0_axi_intc_0"/>
  <BlockFileSet Type="BlockSrcs" Name="mb_block_clk_wiz_1_0"/>
  <BlockFileSet Type="BlockSrcs" Name="mb_block_axi_gpio_3_0"/>
  <BlockFileSet Type="BlockSrcs" Name="mb_block_axi_quad_spi_0_0"/>
  <BlockFileSet Type="BlockSrcs" Name="mb_block_axi_gpio_5_0"/>
  <BlockFileSet Type="BlockSrcs" Name="mb_block_axi_gpio_4_0"/>
  <BlockFileSet Type="BlockSrcs" Name="mb_block_axi_timer_0_0"/>
  <BlockFileSet Type="BlockSrcs" Name="hdmi_tx_0"/>
</GenRun>
