<?xml version="1.0" encoding="UTF-8"?>
<GenRun Id="impl_1" LaunchPart="xc7s50csga324-1" LaunchTime="1700279112">
  <File Type="ROUTE-PWR" Name="mb_usb_hdmi_top_power_routed.rpt"/>
  <File Type="PA-TCL" Name="mb_usb_hdmi_top.tcl"/>
  <File Type="BITSTR-MMI" Name="mb_usb_hdmi_top.mmi"/>
  <File Type="OPT-METHODOLOGY-DRC" Name="mb_usb_hdmi_top_methodology_drc_opted.rpt"/>
  <File Type="INIT-TIMING" Name="mb_usb_hdmi_top_timing_summary_init.rpt"/>
  <File Type="ROUTE-PWR-SUM" Name="mb_usb_hdmi_top_power_summary_routed.pb"/>
  <File Type="REPORTS-TCL" Name="mb_usb_hdmi_top_reports.tcl"/>
  <File Type="OPT-TIMING" Name="mb_usb_hdmi_top_timing_summary_opted.rpt"/>
  <File Type="OPT-DCP" Name="mb_usb_hdmi_top_opt.dcp"/>
  <File Type="OPT-DRC" Name="mb_usb_hdmi_top_drc_opted.rpt"/>
  <File Type="OPT-HWDEF" Name="mb_usb_hdmi_top.hwdef"/>
  <File Type="PWROPT-DCP" Name="mb_usb_hdmi_top_pwropt.dcp"/>
  <File Type="PWROPT-DRC" Name="mb_usb_hdmi_top_drc_pwropted.rpt"/>
  <File Type="PWROPT-TIMING" Name="mb_usb_hdmi_top_timing_summary_pwropted.rpt"/>
  <File Type="PLACE-DCP" Name="mb_usb_hdmi_top_placed.dcp"/>
  <File Type="PLACE-IO" Name="mb_usb_hdmi_top_io_placed.rpt"/>
  <File Type="PLACE-CLK" Name="mb_usb_hdmi_top_clock_utilization_placed.rpt"/>
  <File Type="PLACE-UTIL" Name="mb_usb_hdmi_top_utilization_placed.rpt"/>
  <File Type="PLACE-UTIL-PB" Name="mb_usb_hdmi_top_utilization_placed.pb"/>
  <File Type="PLACE-CTRL" Name="mb_usb_hdmi_top_control_sets_placed.rpt"/>
  <File Type="PLACE-SIMILARITY" Name="mb_usb_hdmi_top_incremental_reuse_placed.rpt"/>
  <File Type="PLACE-PRE-SIMILARITY" Name="mb_usb_hdmi_top_incremental_reuse_pre_placed.rpt"/>
  <File Type="BG-BIN" Name="mb_usb_hdmi_top.bin"/>
  <File Type="PLACE-TIMING" Name="mb_usb_hdmi_top_timing_summary_placed.rpt"/>
  <File Type="POSTPLACE-PWROPT-DCP" Name="mb_usb_hdmi_top_postplace_pwropt.dcp"/>
  <File Type="BITSTR-MSK" Name="mb_usb_hdmi_top.msk"/>
  <File Type="POSTPLACE-PWROPT-TIMING" Name="mb_usb_hdmi_top_timing_summary_postplace_pwropted.rpt"/>
  <File Type="PHYSOPT-DCP" Name="mb_usb_hdmi_top_physopt.dcp"/>
  <File Type="PHYSOPT-DRC" Name="mb_usb_hdmi_top_drc_physopted.rpt"/>
  <File Type="BITSTR-RBT" Name="mb_usb_hdmi_top.rbt"/>
  <File Type="PHYSOPT-TIMING" Name="mb_usb_hdmi_top_timing_summary_physopted.rpt"/>
  <File Type="ROUTE-ERROR-DCP" Name="mb_usb_hdmi_top_routed_error.dcp"/>
  <File Type="ROUTE-DCP" Name="mb_usb_hdmi_top_routed.dcp"/>
  <File Type="ROUTE-BLACKBOX-DCP" Name="mb_usb_hdmi_top_routed_bb.dcp"/>
  <File Type="ROUTE-DRC" Name="mb_usb_hdmi_top_drc_routed.rpt"/>
  <File Type="ROUTE-DRC-PB" Name="mb_usb_hdmi_top_drc_routed.pb"/>
  <File Type="ROUTE-DRC-RPX" Name="mb_usb_hdmi_top_drc_routed.rpx"/>
  <File Type="ROUTE-METHODOLOGY-DRC" Name="mb_usb_hdmi_top_methodology_drc_routed.rpt"/>
  <File Type="ROUTE-METHODOLOGY-DRC-RPX" Name="mb_usb_hdmi_top_methodology_drc_routed.rpx"/>
  <File Type="ROUTE-METHODOLOGY-DRC-PB" Name="mb_usb_hdmi_top_methodology_drc_routed.pb"/>
  <File Type="ROUTE-PWR-RPX" Name="mb_usb_hdmi_top_power_routed.rpx"/>
  <File Type="ROUTE-STATUS" Name="mb_usb_hdmi_top_route_status.rpt"/>
  <File Type="ROUTE-STATUS-PB" Name="mb_usb_hdmi_top_route_status.pb"/>
  <File Type="ROUTE-TIMINGSUMMARY" Name="mb_usb_hdmi_top_timing_summary_routed.rpt"/>
  <File Type="ROUTE-TIMING-PB" Name="mb_usb_hdmi_top_timing_summary_routed.pb"/>
  <File Type="ROUTE-TIMING-RPX" Name="mb_usb_hdmi_top_timing_summary_routed.rpx"/>
  <File Type="ROUTE-SIMILARITY" Name="mb_usb_hdmi_top_incremental_reuse_routed.rpt"/>
  <File Type="ROUTE-CLK" Name="mb_usb_hdmi_top_clock_utilization_routed.rpt"/>
  <File Type="ROUTE-BUS-SKEW" Name="mb_usb_hdmi_top_bus_skew_routed.rpt"/>
  <File Type="ROUTE-BUS-SKEW-PB" Name="mb_usb_hdmi_top_bus_skew_routed.pb"/>
  <File Type="ROUTE-BUS-SKEW-RPX" Name="mb_usb_hdmi_top_bus_skew_routed.rpx"/>
  <File Type="POSTROUTE-PHYSOPT-DCP" Name="mb_usb_hdmi_top_postroute_physopt.dcp"/>
  <File Type="POSTROUTE-PHYSOPT-BLACKBOX-DCP" Name="mb_usb_hdmi_top_postroute_physopt_bb.dcp"/>
  <File Type="POSTROUTE-PHYSOPT-TIMING" Name="mb_usb_hdmi_top_timing_summary_postroute_physopted.rpt"/>
  <File Type="POSTROUTE-PHYSOPT-TIMING-PB" Name="mb_usb_hdmi_top_timing_summary_postroute_physopted.pb"/>
  <File Type="POSTROUTE-PHYSOPT-TIMING-RPX" Name="mb_usb_hdmi_top_timing_summary_postroute_physopted.rpx"/>
  <File Type="POSTROUTE-PHYSOPT-BUS-SKEW" Name="mb_usb_hdmi_top_bus_skew_postroute_physopted.rpt"/>
  <File Type="BG-BIT" Name="mb_usb_hdmi_top.bit"/>
  <File Type="POSTROUTE-PHYSOPT-BUS-SKEW-PB" Name="mb_usb_hdmi_top_bus_skew_postroute_physopted.pb"/>
  <File Type="POSTROUTE-PHYSOPT-BUS-SKEW-RPX" Name="mb_usb_hdmi_top_bus_skew_postroute_physopted.rpx"/>
  <File Type="BITSTR-NKY" Name="mb_usb_hdmi_top.nky"/>
  <File Type="BITSTR-BMM" Name="mb_usb_hdmi_top_bd.bmm"/>
  <File Type="PDI-FILE" Name="mb_usb_hdmi_top.pdi"/>
  <File Type="RCFI_FILE" Name="mb_usb_hdmi_top.rcfi"/>
  <File Type="CFI_FILE" Name="mb_usb_hdmi_top.cfi"/>
  <File Type="RNPI_FILE" Name="mb_usb_hdmi_top.rnpi"/>
  <File Type="NPI_FILE" Name="mb_usb_hdmi_top.npi"/>
  <File Type="RBD_FILE" Name="mb_usb_hdmi_top.rbd"/>
  <File Type="BITSTR-LTX" Name="debug_nets.ltx"/>
  <File Type="BITSTR-LTX" Name="mb_usb_hdmi_top.ltx"/>
  <File Type="BITSTR-SYSDEF" Name="mb_usb_hdmi_top.sysdef"/>
  <File Type="BG-BGN" Name="mb_usb_hdmi_top.bgn"/>
  <File Type="BG-DRC" Name="mb_usb_hdmi_top.drc"/>
  <File Type="RDI-RDI" Name="mb_usb_hdmi_top.vdi"/>
  <File Type="WBT-USG" Name="usage_statistics_webtalk.html"/>
  <File Type="ROUTE-RQS" Name="mb_usb_hdmi_top_routed.rqs"/>
  <File Type="POSTROUTE-PHYSOPT-RQS" Name="mb_usb_hdmi_top_postroute_physopted.rqs"/>
  <File Type="ROUTE-RQS-RPT" Name="route_report_qor_suggestions_0.rpt"/>
  <File Type="POSTROUTE-PHYSOPT-RQS-RPT" Name="postroute_physopt_report_qor_suggestions_0.rpt"/>
  <FileSet Name="sources" Type="DesignSrcs" RelSrcDir="$PSRCDIR/sources_1" RelGenDir="$PGENDIR/sources_1">
    <Filter Type="Srcs"/>
    <File Path="$PSRCDIR/sources_1/bd/mb_block/mb_block.bd">
      <FileInfo>
        <Attr Name="UsedIn" Val="synthesis"/>
        <Attr Name="UsedIn" Val="implementation"/>
        <Attr Name="UsedIn" Val="simulation"/>
      </FileInfo>
    </File>
    <File Path="$PSRCDIR/sources_1/imports/design_source/Color_Mapper.sv">
      <FileInfo>
        <Attr Name="ImportPath" Val="//ad.uillinois.edu/engr-ews/emli3/Downloads/lab6_2_provided/lab6.2_provided/design_source/Color_Mapper.sv"/>
        <Attr Name="ImportTime" Val="1697641251"/>
        <Attr Name="UsedIn" Val="synthesis"/>
        <Attr Name="UsedIn" Val="implementation"/>
        <Attr Name="UsedIn" Val="simulation"/>
      </FileInfo>
    </File>
    <File Path="$PSRCDIR/sources_1/imports/design_source/VGA_controller.sv">
      <FileInfo>
        <Attr Name="ImportPath" Val="//ad.uillinois.edu/engr-ews/emli3/Downloads/lab6_2_provided/lab6.2_provided/design_source/VGA_controller.sv"/>
        <Attr Name="ImportTime" Val="1697641252"/>
        <Attr Name="UsedIn" Val="synthesis"/>
        <Attr Name="UsedIn" Val="implementation"/>
        <Attr Name="UsedIn" Val="simulation"/>
      </FileInfo>
    </File>
    <File Path="$PSRCDIR/sources_1/imports/design_source/hex.sv">
      <FileInfo>
        <Attr Name="ImportPath" Val="//ad.uillinois.edu/engr-ews/emli3/Downloads/lab6_2_provided/lab6.2_provided/design_source/hex.sv"/>
        <Attr Name="ImportTime" Val="1697641251"/>
        <Attr Name="UsedIn" Val="synthesis"/>
        <Attr Name="UsedIn" Val="implementation"/>
        <Attr Name="UsedIn" Val="simulation"/>
      </FileInfo>
    </File>
    <File Path="$PSRCDIR/sources_1/new/spaceship.sv">
      <FileInfo>
        <Attr Name="UsedIn" Val="synthesis"/>
        <Attr Name="UsedIn" Val="implementation"/>
        <Attr Name="UsedIn" Val="simulation"/>
      </FileInfo>
    </File>
    <File Path="$PSRCDIR/sources_1/imports/design_source/mb_usb_hdmi_top.sv">
      <FileInfo>
        <Attr Name="ImportPath" Val="//ad.uillinois.edu/engr-ews/emli3/Downloads/lab6_2_provided/lab6.2_provided/design_source/mb_usb_hdmi_top.sv"/>
        <Attr Name="ImportTime" Val="1697641251"/>
        <Attr Name="UsedIn" Val="synthesis"/>
        <Attr Name="UsedIn" Val="implementation"/>
        <Attr Name="UsedIn" Val="simulation"/>
      </FileInfo>
    </File>
    <File Path="$PSRCDIR/sources_1/imports/design_source/ball.sv">
      <FileInfo>
        <Attr Name="AutoDisabled" Val="1"/>
        <Attr Name="ImportPath" Val="//ad.uillinois.edu/engr-ews/emli3/Downloads/lab6_2_provided/lab6.2_provided/design_source/ball.sv"/>
        <Attr Name="ImportTime" Val="1697641251"/>
        <Attr Name="UsedIn" Val="synthesis"/>
        <Attr Name="UsedIn" Val="implementation"/>
        <Attr Name="UsedIn" Val="simulation"/>
      </FileInfo>
    </File>
    <File Path="$PSRCDIR/sources_1/imports/lab6_1/mb_intro_top.sv">
      <FileInfo>
        <Attr Name="AutoDisabled" Val="1"/>
        <Attr Name="ImportPath" Val="//ad.uillinois.edu/engr-ews/emli3/Downloads/lab6_1/mb_intro_top.sv"/>
        <Attr Name="ImportTime" Val="1697116321"/>
        <Attr Name="UsedIn" Val="synthesis"/>
        <Attr Name="UsedIn" Val="implementation"/>
        <Attr Name="UsedIn" Val="simulation"/>
      </FileInfo>
    </File>
    <File Path="$PGENDIR/sources_1/bd/mb_block/hdl/mb_block_wrapper.v">
      <FileInfo>
        <Attr Name="AutoDisabled" Val="1"/>
        <Attr Name="UsedIn" Val="synthesis"/>
        <Attr Name="UsedIn" Val="implementation"/>
        <Attr Name="UsedIn" Val="simulation"/>
      </FileInfo>
    </File>
    <Config>
      <Option Name="DesignMode" Val="RTL"/>
      <Option Name="TopModule" Val="mb_usb_hdmi_top"/>
    </Config>
  </FileSet>
  <FileSet Name="constrs_in" Type="Constrs" RelSrcDir="$PSRCDIR/constrs_1">
    <Filter Type="Constrs"/>
    <File Path="$PSRCDIR/constrs_1/imports/pin_assignment/mb_usb_hdmi_top.xdc">
      <FileInfo>
        <Attr Name="ImportPath" Val="//ad.uillinois.edu/engr-ews/emli3/Downloads/lab6_2_provided/lab6.2_provided/pin_assignment/mb_usb_hdmi_top.xdc"/>
        <Attr Name="ImportTime" Val="1697641252"/>
        <Attr Name="UsedIn" Val="synthesis"/>
        <Attr Name="UsedIn" Val="implementation"/>
      </FileInfo>
    </File>
    <Config>
      <Option Name="ConstrsType" Val="XDC"/>
    </Config>
  </FileSet>
  <FileSet Name="utils" Type="Utils" RelSrcDir="$PSRCDIR/utils_1">
    <Filter Type="Utils"/>
    <File Path="$PSRCDIR/utils_1/imports/synth_1/mb_intro_top.dcp">
      <FileInfo>
        <Attr Name="UsedIn" Val="synthesis"/>
        <Attr Name="UsedIn" Val="implementation"/>
        <Attr Name="UsedInSteps" Val="synth_1"/>
        <Attr Name="AutoDcp" Val="1"/>
      </FileInfo>
    </File>
    <Config>
      <Option Name="TopAutoSet" Val="TRUE"/>
    </Config>
  </FileSet>
  <Strategy Version="1" Minor="2">
    <StratHandle Name="Vivado Implementation Defaults" Flow="Vivado Implementation 2022"/>
    <Step Id="init_design"/>
    <Step Id="opt_design"/>
    <Step Id="power_opt_design"/>
    <Step Id="place_design"/>
    <Step Id="post_place_power_opt_design"/>
    <Step Id="phys_opt_design"/>
    <Step Id="route_design"/>
    <Step Id="post_route_phys_opt_design"/>
    <Step Id="write_bitstream"/>
  </Strategy>
  <BlockFileSet Type="BlockSrcs" Name="clk_wiz_0"/>
  <BlockFileSet Type="BlockSrcs" Name="mb_block_axi_gpio_2_0"/>
  <BlockFileSet Type="BlockSrcs" Name="mb_block_microblaze_0_0"/>
  <BlockFileSet Type="BlockSrcs" Name="mb_block_dlmb_v10_0"/>
  <BlockFileSet Type="BlockSrcs" Name="mb_block_xbar_0"/>
  <BlockFileSet Type="BlockSrcs" Name="mb_block_axi_gpio_1_0"/>
  <BlockFileSet Type="BlockSrcs" Name="mb_block_dlmb_bram_if_cntlr_0"/>
  <BlockFileSet Type="BlockSrcs" Name="mb_block_ilmb_v10_0"/>
  <BlockFileSet Type="BlockSrcs" Name="mb_block_axi_uartlite_0_0"/>
  <BlockFileSet Type="BlockSrcs" Name="mb_block_rst_clk_wiz_1_100M_0"/>
  <BlockFileSet Type="BlockSrcs" Name="mb_block_lmb_bram_0"/>
  <BlockFileSet Type="BlockSrcs" Name="mb_block_mdm_1_0"/>
  <BlockFileSet Type="BlockSrcs" Name="mb_block_ilmb_bram_if_cntlr_0"/>
  <BlockFileSet Type="BlockSrcs" Name="mb_block_microblaze_0_axi_intc_0"/>
  <BlockFileSet Type="BlockSrcs" Name="mb_block_clk_wiz_1_0"/>
  <BlockFileSet Type="BlockSrcs" Name="mb_block_axi_gpio_3_0"/>
  <BlockFileSet Type="BlockSrcs" Name="mb_block_axi_quad_spi_0_0"/>
  <BlockFileSet Type="BlockSrcs" Name="mb_block_axi_gpio_5_0"/>
  <BlockFileSet Type="BlockSrcs" Name="mb_block_axi_gpio_4_0"/>
  <BlockFileSet Type="BlockSrcs" Name="mb_block_axi_timer_0_0"/>
  <BlockFileSet Type="BlockSrcs" Name="hdmi_tx_0"/>
</GenRun>
