<?xml version="1.0"?>
<Runs Version="1" Minor="0">
	<Run Id="mb_block_axi_gpio_1_0_synth_1" LaunchDir="C:/ECE385Lab6_Version2/ECE385Lab6_Version2.runs/mb_block_axi_gpio_1_0_synth_1" FlowId="Vivado_Synthesis" FromStepId="vivado" ToStepId="vivado"/>
	<Run Id="synth_1" LaunchDir="C:/ECE385Lab6_Version2/ECE385Lab6_Version2.runs/synth_1" FlowId="Vivado_Synthesis" FromStepId="vivado" ToStepId="vivado">
		<Parent Id="mb_block_axi_gpio_1_0_synth_1"/>
	</Run>
	<Parameters>
		<Parameter Name="runs.monitorLSFJobs" Val="true" Type="bool"/>
		<Parameter Name="runs.enableClusterConf" Val="true" Type="bool"/>
	</Parameters>
</Runs>

