<?xml version="1.0"?>
<Runs Version="1" Minor="0">
	<Run Id="mb_block_microblaze_0_0_synth_1" LaunchDir="C:/ECE385Lab6_Version2/ECE385Lab6_Version2.runs/mb_block_microblaze_0_0_synth_1" FlowId="Vivado_Synthesis" FromStepId="vivado" ToStepId="vivado"/>
	<Run Id="mb_block_xbar_0_synth_1" LaunchDir="C:/ECE385Lab6_Version2/ECE385Lab6_Version2.runs/mb_block_xbar_0_synth_1" FlowId="Vivado_Synthesis" FromStepId="vivado" ToStepId="vivado"/>
	<Run Id="mb_block_ilmb_v10_0_synth_1" LaunchDir="C:/ECE385Lab6_Version2/ECE385Lab6_Version2.runs/mb_block_ilmb_v10_0_synth_1" FlowId="Vivado_Synthesis" FromStepId="vivado" ToStepId="vivado"/>
	<Run Id="mb_block_dlmb_bram_if_cntlr_0_synth_1" LaunchDir="C:/ECE385Lab6_Version2/ECE385Lab6_Version2.runs/mb_block_dlmb_bram_if_cntlr_0_synth_1" FlowId="Vivado_Synthesis" FromStepId="vivado" ToStepId="vivado"/>
	<Run Id="mb_block_lmb_bram_0_synth_1" LaunchDir="C:/ECE385Lab6_Version2/ECE385Lab6_Version2.runs/mb_block_lmb_bram_0_synth_1" FlowId="Vivado_Synthesis" FromStepId="vivado" ToStepId="vivado"/>
	<Run Id="mb_block_rst_clk_wiz_1_100M_0_synth_1" LaunchDir="C:/ECE385Lab6_Version2/ECE385Lab6_Version2.runs/mb_block_rst_clk_wiz_1_100M_0_synth_1" FlowId="Vivado_Synthesis" FromStepId="vivado" ToStepId="vivado"/>
	<Run Id="mb_block_mdm_1_0_synth_1" LaunchDir="C:/ECE385Lab6_Version2/ECE385Lab6_Version2.runs/mb_block_mdm_1_0_synth_1" FlowId="Vivado_Synthesis" FromStepId="vivado" ToStepId="vivado"/>
	<Run Id="mb_block_axi_gpio_0_0_synth_1" LaunchDir="C:/ECE385Lab6_Version2/ECE385Lab6_Version2.runs/mb_block_axi_gpio_0_0_synth_1" FlowId="Vivado_Synthesis" FromStepId="vivado" ToStepId="vivado"/>
	<Run Id="mb_block_axi_uartlite_0_0_synth_1" LaunchDir="C:/ECE385Lab6_Version2/ECE385Lab6_Version2.runs/mb_block_axi_uartlite_0_0_synth_1" FlowId="Vivado_Synthesis" FromStepId="vivado" ToStepId="vivado"/>
	<Run Id="mb_block_dlmb_v10_0_synth_1" LaunchDir="C:/ECE385Lab6_Version2/ECE385Lab6_Version2.runs/mb_block_dlmb_v10_0_synth_1" FlowId="Vivado_Synthesis" FromStepId="vivado" ToStepId="vivado"/>
	<Run Id="mb_block_ilmb_bram_if_cntlr_0_synth_1" LaunchDir="C:/ECE385Lab6_Version2/ECE385Lab6_Version2.runs/mb_block_ilmb_bram_if_cntlr_0_synth_1" FlowId="Vivado_Synthesis" FromStepId="vivado" ToStepId="vivado"/>
	<Run Id="mb_block_microblaze_0_axi_intc_0_synth_1" LaunchDir="C:/ECE385Lab6_Version2/ECE385Lab6_Version2.runs/mb_block_microblaze_0_axi_intc_0_synth_1" FlowId="Vivado_Synthesis" FromStepId="vivado" ToStepId="vivado"/>
	<Run Id="mb_block_clk_wiz_1_0_synth_1" LaunchDir="C:/ECE385Lab6_Version2/ECE385Lab6_Version2.runs/mb_block_clk_wiz_1_0_synth_1" FlowId="Vivado_Synthesis" FromStepId="vivado" ToStepId="vivado"/>
	<Run Id="synth_1" LaunchDir="C:/ECE385Lab6_Version2/ECE385Lab6_Version2.runs/synth_1" FlowId="Vivado_Synthesis" FromStepId="vivado" ToStepId="vivado">
		<Parent Id="mb_block_microblaze_0_0_synth_1"/>
		<Parent Id="mb_block_xbar_0_synth_1"/>
		<Parent Id="mb_block_ilmb_v10_0_synth_1"/>
		<Parent Id="mb_block_dlmb_bram_if_cntlr_0_synth_1"/>
		<Parent Id="mb_block_lmb_bram_0_synth_1"/>
		<Parent Id="mb_block_rst_clk_wiz_1_100M_0_synth_1"/>
		<Parent Id="mb_block_mdm_1_0_synth_1"/>
		<Parent Id="mb_block_axi_gpio_0_0_synth_1"/>
		<Parent Id="mb_block_axi_uartlite_0_0_synth_1"/>
		<Parent Id="mb_block_dlmb_v10_0_synth_1"/>
		<Parent Id="mb_block_ilmb_bram_if_cntlr_0_synth_1"/>
		<Parent Id="mb_block_microblaze_0_axi_intc_0_synth_1"/>
		<Parent Id="mb_block_clk_wiz_1_0_synth_1"/>
	</Run>
	<Parameters>
		<Parameter Name="runs.monitorLSFJobs" Val="true" Type="bool"/>
		<Parameter Name="runs.enableClusterConf" Val="true" Type="bool"/>
	</Parameters>
</Runs>

